Name of Job Posting,NOC Code,Link of Job Information
Bioinformatics Scientist,21110,https://www.jobbank.gc.ca/marketreport/summary-occupation/227607/ca
Genomics Researcher,21110,https://www.jobbank.gc.ca/marketreport/summary-occupation/227607/ca
Biomedical Engineer,21301,https://www.jobbank.gc.ca/marketreport/summary-occupation/14153/ca
Clinical Research Associate,21112,https://www.jobbank.gc.ca/marketreport/summary-occupation/227609/ca
Biotechnology Laboratory Technician,22110,https://www.jobbank.gc.ca/marketreport/summary-occupation/18116/ca
Medical Laboratory Technologist,32120,https://www.jobbank.gc.ca/marketreport/summary-occupation/18194/ca
Pharmaceutical Research Scientist,21110,https://www.jobbank.gc.ca/marketreport/summary-occupation/227607/ca
Regenerative Medicine Specialist,21110,https://www.jobbank.gc.ca/marketreport/summary-occupation/227607/ca